"folder","COUNT(*)"
\N,"887"
"C:\data\python-announce-list","425"
"C:\data\python-checkins","5445"
"C:\data\python-committers","279"
"C:\data\python-dev","25406"
"C:\data\python-distutils-sig","3777"
"C:\data\python-ideas","3823"
"C:\data\python-lists","11929"
"C:\scripts\gmanetxtd","28250"
"C:\Users\psharma\Google Drive\PhDOtago\scripts\inputFiles\peps-master\pep-0001.txt","4"
"C:\Users\psharma\Google Drive\PhDOtago\scripts\inputFiles\peps-master\pep-0002.txt","1"
"C:\Users\psharma\Google Drive\PhDOtago\scripts\inputFiles\peps-master\pep-0003.txt","1"
"C:\Users\psharma\Google Drive\PhDOtago\scripts\inputFiles\peps-master\pep-0004.txt","1"
"C:\Users\psharma\Google Drive\PhDOtago\scripts\inputFiles\peps-master\pep-0005.txt","1"
"C:\Users\psharma\Google Drive\PhDOtago\scripts\inputFiles\peps-master\pep-0006.txt","1"
"C:\Users\psharma\Google Drive\PhDOtago\scripts\inputFiles\peps-master\pep-0007.txt","1"
"C:\Users\psharma\Google Drive\PhDOtago\scripts\inputFiles\peps-master\pep-0008.txt","1"
"C:\Users\psharma\Google Drive\PhDOtago\scripts\inputFiles\peps-master\pep-0009.txt","1"
"C:\Users\psharma\Google Drive\PhDOtago\scripts\inputFiles\peps-master\pep-0010.txt","1"
"C:\Users\psharma\Google Drive\PhDOtago\scripts\inputFiles\peps-master\pep-0011.txt","1"
"C:\Users\psharma\Google Drive\PhDOtago\scripts\inputFiles\peps-master\pep-0012.txt","1"
"C:\Users\psharma\Google Drive\PhDOtago\scripts\inputFiles\peps-master\pep-0020.txt","1"
"C:\Users\psharma\Google Drive\PhDOtago\scripts\inputFiles\peps-master\pep-0042.txt","1"
"C:\Users\psharma\Google Drive\PhDOtago\scripts\inputFiles\peps-master\pep-0100.txt","1"
"C:\Users\psharma\Google Drive\PhDOtago\scripts\inputFiles\peps-master\pep-0101.txt","1"
"C:\Users\psharma\Google Drive\PhDOtago\scripts\inputFiles\peps-master\pep-0102.txt","1"
"C:\Users\psharma\Google Drive\PhDOtago\scripts\inputFiles\peps-master\pep-0103.txt","1"
"C:\Users\psharma\Google Drive\PhDOtago\scripts\inputFiles\peps-master\pep-0160.txt","1"
"C:\Users\psharma\Google Drive\PhDOtago\scripts\inputFiles\peps-master\pep-0200.txt","1"
"C:\Users\psharma\Google Drive\PhDOtago\scripts\inputFiles\peps-master\pep-0201.txt","1"
"C:\Users\psharma\Google Drive\PhDOtago\scripts\inputFiles\peps-master\pep-0202.txt","1"
"C:\Users\psharma\Google Drive\PhDOtago\scripts\inputFiles\peps-master\pep-0203.txt","1"
"C:\Users\psharma\Google Drive\PhDOtago\scripts\inputFiles\peps-master\pep-0204.txt","1"
"C:\Users\psharma\Google Drive\PhDOtago\scripts\inputFiles\peps-master\pep-0205.txt","1"
"C:\Users\psharma\Google Drive\PhDOtago\scripts\inputFiles\peps-master\pep-0206.txt","1"
"C:\Users\psharma\Google Drive\PhDOtago\scripts\inputFiles\peps-master\pep-0207.txt","1"
"C:\Users\psharma\Google Drive\PhDOtago\scripts\inputFiles\peps-master\pep-0208.txt","1"
"C:\Users\psharma\Google Drive\PhDOtago\scripts\inputFiles\peps-master\pep-0209.txt","1"
"C:\Users\psharma\Google Drive\PhDOtago\scripts\inputFiles\peps-master\pep-0210.txt","1"
"C:\Users\psharma\Google Drive\PhDOtago\scripts\inputFiles\peps-master\pep-0211.txt","1"
"C:\Users\psharma\Google Drive\PhDOtago\scripts\inputFiles\peps-master\pep-0212.txt","1"
"C:\Users\psharma\Google Drive\PhDOtago\scripts\inputFiles\peps-master\pep-0213.txt","1"
"C:\Users\psharma\Google Drive\PhDOtago\scripts\inputFiles\peps-master\pep-0214.txt","1"
"C:\Users\psharma\Google Drive\PhDOtago\scripts\inputFiles\peps-master\pep-0215.txt","1"
"C:\Users\psharma\Google Drive\PhDOtago\scripts\inputFiles\peps-master\pep-0216.txt","1"
"C:\Users\psharma\Google Drive\PhDOtago\scripts\inputFiles\peps-master\pep-0217.txt","1"
"C:\Users\psharma\Google Drive\PhDOtago\scripts\inputFiles\peps-master\pep-0218.txt","1"
"C:\Users\psharma\Google Drive\PhDOtago\scripts\inputFiles\peps-master\pep-0219.txt","1"
"C:\Users\psharma\Google Drive\PhDOtago\scripts\inputFiles\peps-master\pep-0220.txt","1"
"C:\Users\psharma\Google Drive\PhDOtago\scripts\inputFiles\peps-master\pep-0221.txt","1"
"C:\Users\psharma\Google Drive\PhDOtago\scripts\inputFiles\peps-master\pep-0222.txt","1"
"C:\Users\psharma\Google Drive\PhDOtago\scripts\inputFiles\peps-master\pep-0223.txt","1"
"C:\Users\psharma\Google Drive\PhDOtago\scripts\inputFiles\peps-master\pep-0224.txt","1"
"C:\Users\psharma\Google Drive\PhDOtago\scripts\inputFiles\peps-master\pep-0225.txt","1"
"C:\Users\psharma\Google Drive\PhDOtago\scripts\inputFiles\peps-master\pep-0226.txt","1"
"C:\Users\psharma\Google Drive\PhDOtago\scripts\inputFiles\peps-master\pep-0227.txt","1"
"C:\Users\psharma\Google Drive\PhDOtago\scripts\inputFiles\peps-master\pep-0228.txt","1"
"C:\Users\psharma\Google Drive\PhDOtago\scripts\inputFiles\peps-master\pep-0229.txt","1"
"C:\Users\psharma\Google Drive\PhDOtago\scripts\inputFiles\peps-master\pep-0230.txt","1"
"C:\Users\psharma\Google Drive\PhDOtago\scripts\inputFiles\peps-master\pep-0231.txt","1"
"C:\Users\psharma\Google Drive\PhDOtago\scripts\inputFiles\peps-master\pep-0232.txt","1"
"C:\Users\psharma\Google Drive\PhDOtago\scripts\inputFiles\peps-master\pep-0233.txt","1"
"C:\Users\psharma\Google Drive\PhDOtago\scripts\inputFiles\peps-master\pep-0234.txt","1"
"C:\Users\psharma\Google Drive\PhDOtago\scripts\inputFiles\peps-master\pep-0235.txt","1"
"C:\Users\psharma\Google Drive\PhDOtago\scripts\inputFiles\peps-master\pep-0236.txt","1"
"C:\Users\psharma\Google Drive\PhDOtago\scripts\inputFiles\peps-master\pep-0237.txt","1"
"C:\Users\psharma\Google Drive\PhDOtago\scripts\inputFiles\peps-master\pep-0238.txt","1"
"C:\Users\psharma\Google Drive\PhDOtago\scripts\inputFiles\peps-master\pep-0239.txt","1"
"C:\Users\psharma\Google Drive\PhDOtago\scripts\inputFiles\peps-master\pep-0240.txt","1"
"C:\Users\psharma\Google Drive\PhDOtago\scripts\inputFiles\peps-master\pep-0241.txt","1"
"C:\Users\psharma\Google Drive\PhDOtago\scripts\inputFiles\peps-master\pep-0242.txt","1"
"C:\Users\psharma\Google Drive\PhDOtago\scripts\inputFiles\peps-master\pep-0243.txt","1"
"C:\Users\psharma\Google Drive\PhDOtago\scripts\inputFiles\peps-master\pep-0244.txt","1"
"C:\Users\psharma\Google Drive\PhDOtago\scripts\inputFiles\peps-master\pep-0245.txt","1"
"C:\Users\psharma\Google Drive\PhDOtago\scripts\inputFiles\peps-master\pep-0246.txt","1"
"C:\Users\psharma\Google Drive\PhDOtago\scripts\inputFiles\peps-master\pep-0247.txt","1"
"C:\Users\psharma\Google Drive\PhDOtago\scripts\inputFiles\peps-master\pep-0248.txt","1"
"C:\Users\psharma\Google Drive\PhDOtago\scripts\inputFiles\peps-master\pep-0249.txt","1"
"C:\Users\psharma\Google Drive\PhDOtago\scripts\inputFiles\peps-master\pep-0250.txt","1"
"C:\Users\psharma\Google Drive\PhDOtago\scripts\inputFiles\peps-master\pep-0251.txt","1"
"C:\Users\psharma\Google Drive\PhDOtago\scripts\inputFiles\peps-master\pep-0252.txt","1"
"C:\Users\psharma\Google Drive\PhDOtago\scripts\inputFiles\peps-master\pep-0253.txt","1"
"C:\Users\psharma\Google Drive\PhDOtago\scripts\inputFiles\peps-master\pep-0254.txt","1"
"C:\Users\psharma\Google Drive\PhDOtago\scripts\inputFiles\peps-master\pep-0255.txt","1"
"C:\Users\psharma\Google Drive\PhDOtago\scripts\inputFiles\peps-master\pep-0256.txt","1"
"C:\Users\psharma\Google Drive\PhDOtago\scripts\inputFiles\peps-master\pep-0257.txt","1"
"C:\Users\psharma\Google Drive\PhDOtago\scripts\inputFiles\peps-master\pep-0258.txt","1"
"C:\Users\psharma\Google Drive\PhDOtago\scripts\inputFiles\peps-master\pep-0259.txt","1"
"C:\Users\psharma\Google Drive\PhDOtago\scripts\inputFiles\peps-master\pep-0260.txt","1"
"C:\Users\psharma\Google Drive\PhDOtago\scripts\inputFiles\peps-master\pep-0261.txt","1"
"C:\Users\psharma\Google Drive\PhDOtago\scripts\inputFiles\peps-master\pep-0262.txt","1"
"C:\Users\psharma\Google Drive\PhDOtago\scripts\inputFiles\peps-master\pep-0263.txt","1"
"C:\Users\psharma\Google Drive\PhDOtago\scripts\inputFiles\peps-master\pep-0264.txt","1"
"C:\Users\psharma\Google Drive\PhDOtago\scripts\inputFiles\peps-master\pep-0265.txt","1"
"C:\Users\psharma\Google Drive\PhDOtago\scripts\inputFiles\peps-master\pep-0266.txt","1"
"C:\Users\psharma\Google Drive\PhDOtago\scripts\inputFiles\peps-master\pep-0267.txt","1"
"C:\Users\psharma\Google Drive\PhDOtago\scripts\inputFiles\peps-master\pep-0268.txt","1"
"C:\Users\psharma\Google Drive\PhDOtago\scripts\inputFiles\peps-master\pep-0269.txt","1"
"C:\Users\psharma\Google Drive\PhDOtago\scripts\inputFiles\peps-master\pep-0270.txt","1"
"C:\Users\psharma\Google Drive\PhDOtago\scripts\inputFiles\peps-master\pep-0271.txt","1"
"C:\Users\psharma\Google Drive\PhDOtago\scripts\inputFiles\peps-master\pep-0272.txt","1"
"C:\Users\psharma\Google Drive\PhDOtago\scripts\inputFiles\peps-master\pep-0273.txt","1"
"C:\Users\psharma\Google Drive\PhDOtago\scripts\inputFiles\peps-master\pep-0274.txt","1"
"C:\Users\psharma\Google Drive\PhDOtago\scripts\inputFiles\peps-master\pep-0275.txt","1"
"C:\Users\psharma\Google Drive\PhDOtago\scripts\inputFiles\peps-master\pep-0276.txt","1"
"C:\Users\psharma\Google Drive\PhDOtago\scripts\inputFiles\peps-master\pep-0277.txt","1"
"C:\Users\psharma\Google Drive\PhDOtago\scripts\inputFiles\peps-master\pep-0278.txt","1"
"C:\Users\psharma\Google Drive\PhDOtago\scripts\inputFiles\peps-master\pep-0279.txt","1"
"C:\Users\psharma\Google Drive\PhDOtago\scripts\inputFiles\peps-master\pep-0280.txt","1"
"C:\Users\psharma\Google Drive\PhDOtago\scripts\inputFiles\peps-master\pep-0281.txt","1"
"C:\Users\psharma\Google Drive\PhDOtago\scripts\inputFiles\peps-master\pep-0282.txt","1"
"C:\Users\psharma\Google Drive\PhDOtago\scripts\inputFiles\peps-master\pep-0283.txt","1"
"C:\Users\psharma\Google Drive\PhDOtago\scripts\inputFiles\peps-master\pep-0284.txt","1"
"C:\Users\psharma\Google Drive\PhDOtago\scripts\inputFiles\peps-master\pep-0285.txt","1"
"C:\Users\psharma\Google Drive\PhDOtago\scripts\inputFiles\peps-master\pep-0286.txt","1"
"C:\Users\psharma\Google Drive\PhDOtago\scripts\inputFiles\peps-master\pep-0287.txt","1"
"C:\Users\psharma\Google Drive\PhDOtago\scripts\inputFiles\peps-master\pep-0288.txt","1"
"C:\Users\psharma\Google Drive\PhDOtago\scripts\inputFiles\peps-master\pep-0289.txt","1"
"C:\Users\psharma\Google Drive\PhDOtago\scripts\inputFiles\peps-master\pep-0290.txt","1"
"C:\Users\psharma\Google Drive\PhDOtago\scripts\inputFiles\peps-master\pep-0291.txt","1"
"C:\Users\psharma\Google Drive\PhDOtago\scripts\inputFiles\peps-master\pep-0292.txt","1"
"C:\Users\psharma\Google Drive\PhDOtago\scripts\inputFiles\peps-master\pep-0293.txt","1"
"C:\Users\psharma\Google Drive\PhDOtago\scripts\inputFiles\peps-master\pep-0294.txt","1"
"C:\Users\psharma\Google Drive\PhDOtago\scripts\inputFiles\peps-master\pep-0295.txt","1"
"C:\Users\psharma\Google Drive\PhDOtago\scripts\inputFiles\peps-master\pep-0296.txt","1"
"C:\Users\psharma\Google Drive\PhDOtago\scripts\inputFiles\peps-master\pep-0297.txt","1"
"C:\Users\psharma\Google Drive\PhDOtago\scripts\inputFiles\peps-master\pep-0298.txt","1"
"C:\Users\psharma\Google Drive\PhDOtago\scripts\inputFiles\peps-master\pep-0299.txt","1"
"C:\Users\psharma\Google Drive\PhDOtago\scripts\inputFiles\peps-master\pep-0301.txt","1"
"C:\Users\psharma\Google Drive\PhDOtago\scripts\inputFiles\peps-master\pep-0302.txt","1"
"C:\Users\psharma\Google Drive\PhDOtago\scripts\inputFiles\peps-master\pep-0303.txt","1"
"C:\Users\psharma\Google Drive\PhDOtago\scripts\inputFiles\peps-master\pep-0304.txt","1"
"C:\Users\psharma\Google Drive\PhDOtago\scripts\inputFiles\peps-master\pep-0305.txt","1"
"C:\Users\psharma\Google Drive\PhDOtago\scripts\inputFiles\peps-master\pep-0306.txt","1"
"C:\Users\psharma\Google Drive\PhDOtago\scripts\inputFiles\peps-master\pep-0307.txt","1"
"C:\Users\psharma\Google Drive\PhDOtago\scripts\inputFiles\peps-master\pep-0308.txt","1"
"C:\Users\psharma\Google Drive\PhDOtago\scripts\inputFiles\peps-master\pep-0309.txt","1"
"C:\Users\psharma\Google Drive\PhDOtago\scripts\inputFiles\peps-master\pep-0310.txt","1"
"C:\Users\psharma\Google Drive\PhDOtago\scripts\inputFiles\peps-master\pep-0311.txt","1"
"C:\Users\psharma\Google Drive\PhDOtago\scripts\inputFiles\peps-master\pep-0312.txt","1"
"C:\Users\psharma\Google Drive\PhDOtago\scripts\inputFiles\peps-master\pep-0313.txt","1"
"C:\Users\psharma\Google Drive\PhDOtago\scripts\inputFiles\peps-master\pep-0314.txt","1"
"C:\Users\psharma\Google Drive\PhDOtago\scripts\inputFiles\peps-master\pep-0315.txt","1"
"C:\Users\psharma\Google Drive\PhDOtago\scripts\inputFiles\peps-master\pep-0316.txt","1"
"C:\Users\psharma\Google Drive\PhDOtago\scripts\inputFiles\peps-master\pep-0317.txt","1"
"C:\Users\psharma\Google Drive\PhDOtago\scripts\inputFiles\peps-master\pep-0318.txt","1"
"C:\Users\psharma\Google Drive\PhDOtago\scripts\inputFiles\peps-master\pep-0319.txt","1"
"C:\Users\psharma\Google Drive\PhDOtago\scripts\inputFiles\peps-master\pep-0320.txt","1"
"C:\Users\psharma\Google Drive\PhDOtago\scripts\inputFiles\peps-master\pep-0321.txt","1"
"C:\Users\psharma\Google Drive\PhDOtago\scripts\inputFiles\peps-master\pep-0322.txt","1"
"C:\Users\psharma\Google Drive\PhDOtago\scripts\inputFiles\peps-master\pep-0323.txt","1"
"C:\Users\psharma\Google Drive\PhDOtago\scripts\inputFiles\peps-master\pep-0324.txt","1"
"C:\Users\psharma\Google Drive\PhDOtago\scripts\inputFiles\peps-master\pep-0325.txt","1"
"C:\Users\psharma\Google Drive\PhDOtago\scripts\inputFiles\peps-master\pep-0326.txt","1"
"C:\Users\psharma\Google Drive\PhDOtago\scripts\inputFiles\peps-master\pep-0327.txt","1"
"C:\Users\psharma\Google Drive\PhDOtago\scripts\inputFiles\peps-master\pep-0328.txt","1"
"C:\Users\psharma\Google Drive\PhDOtago\scripts\inputFiles\peps-master\pep-0329.txt","1"
"C:\Users\psharma\Google Drive\PhDOtago\scripts\inputFiles\peps-master\pep-0330.txt","1"
"C:\Users\psharma\Google Drive\PhDOtago\scripts\inputFiles\peps-master\pep-0331.txt","1"
"C:\Users\psharma\Google Drive\PhDOtago\scripts\inputFiles\peps-master\pep-0332.txt","1"
"C:\Users\psharma\Google Drive\PhDOtago\scripts\inputFiles\peps-master\pep-0333.txt","1"
"C:\Users\psharma\Google Drive\PhDOtago\scripts\inputFiles\peps-master\pep-0334.txt","1"
"C:\Users\psharma\Google Drive\PhDOtago\scripts\inputFiles\peps-master\pep-0335.txt","1"
"C:\Users\psharma\Google Drive\PhDOtago\scripts\inputFiles\peps-master\pep-0336.txt","1"
"C:\Users\psharma\Google Drive\PhDOtago\scripts\inputFiles\peps-master\pep-0337.txt","1"
"C:\Users\psharma\Google Drive\PhDOtago\scripts\inputFiles\peps-master\pep-0338.txt","1"
"C:\Users\psharma\Google Drive\PhDOtago\scripts\inputFiles\peps-master\pep-0339.txt","1"
"C:\Users\psharma\Google Drive\PhDOtago\scripts\inputFiles\peps-master\pep-0340.txt","1"
"C:\Users\psharma\Google Drive\PhDOtago\scripts\inputFiles\peps-master\pep-0341.txt","1"
"C:\Users\psharma\Google Drive\PhDOtago\scripts\inputFiles\peps-master\pep-0342.txt","1"
"C:\Users\psharma\Google Drive\PhDOtago\scripts\inputFiles\peps-master\pep-0343.txt","1"
"C:\Users\psharma\Google Drive\PhDOtago\scripts\inputFiles\peps-master\pep-0344.txt","1"
"C:\Users\psharma\Google Drive\PhDOtago\scripts\inputFiles\peps-master\pep-0345.txt","1"
"C:\Users\psharma\Google Drive\PhDOtago\scripts\inputFiles\peps-master\pep-0346.txt","1"
"C:\Users\psharma\Google Drive\PhDOtago\scripts\inputFiles\peps-master\pep-0347.txt","1"
"C:\Users\psharma\Google Drive\PhDOtago\scripts\inputFiles\peps-master\pep-0348.txt","1"
"C:\Users\psharma\Google Drive\PhDOtago\scripts\inputFiles\peps-master\pep-0349.txt","1"
"C:\Users\psharma\Google Drive\PhDOtago\scripts\inputFiles\peps-master\pep-0350.txt","1"
"C:\Users\psharma\Google Drive\PhDOtago\scripts\inputFiles\peps-master\pep-0351.txt","1"
"C:\Users\psharma\Google Drive\PhDOtago\scripts\inputFiles\peps-master\pep-0352.txt","1"
"C:\Users\psharma\Google Drive\PhDOtago\scripts\inputFiles\peps-master\pep-0353.txt","1"
"C:\Users\psharma\Google Drive\PhDOtago\scripts\inputFiles\peps-master\pep-0354.txt","1"
"C:\Users\psharma\Google Drive\PhDOtago\scripts\inputFiles\peps-master\pep-0355.txt","1"
"C:\Users\psharma\Google Drive\PhDOtago\scripts\inputFiles\peps-master\pep-0356.txt","1"
"C:\Users\psharma\Google Drive\PhDOtago\scripts\inputFiles\peps-master\pep-0357.txt","1"
"C:\Users\psharma\Google Drive\PhDOtago\scripts\inputFiles\peps-master\pep-0358.txt","1"
"C:\Users\psharma\Google Drive\PhDOtago\scripts\inputFiles\peps-master\pep-0359.txt","1"
"C:\Users\psharma\Google Drive\PhDOtago\scripts\inputFiles\peps-master\pep-0360.txt","1"
"C:\Users\psharma\Google Drive\PhDOtago\scripts\inputFiles\peps-master\pep-0361.txt","1"
"C:\Users\psharma\Google Drive\PhDOtago\scripts\inputFiles\peps-master\pep-0362.txt","1"
"C:\Users\psharma\Google Drive\PhDOtago\scripts\inputFiles\peps-master\pep-0363.txt","1"
"C:\Users\psharma\Google Drive\PhDOtago\scripts\inputFiles\peps-master\pep-0364.txt","1"
"C:\Users\psharma\Google Drive\PhDOtago\scripts\inputFiles\peps-master\pep-0365.txt","1"
"C:\Users\psharma\Google Drive\PhDOtago\scripts\inputFiles\peps-master\pep-0366.txt","1"
"C:\Users\psharma\Google Drive\PhDOtago\scripts\inputFiles\peps-master\pep-0367.txt","1"
"C:\Users\psharma\Google Drive\PhDOtago\scripts\inputFiles\peps-master\pep-0368.txt","1"
"C:\Users\psharma\Google Drive\PhDOtago\scripts\inputFiles\peps-master\pep-0369.txt","1"
"C:\Users\psharma\Google Drive\PhDOtago\scripts\inputFiles\peps-master\pep-0370.txt","1"
"C:\Users\psharma\Google Drive\PhDOtago\scripts\inputFiles\peps-master\pep-0371.txt","1"
"C:\Users\psharma\Google Drive\PhDOtago\scripts\inputFiles\peps-master\pep-0372.txt","1"
"C:\Users\psharma\Google Drive\PhDOtago\scripts\inputFiles\peps-master\pep-0373.txt","1"
"C:\Users\psharma\Google Drive\PhDOtago\scripts\inputFiles\peps-master\pep-0374.txt","1"
"C:\Users\psharma\Google Drive\PhDOtago\scripts\inputFiles\peps-master\pep-0375.txt","1"
"C:\Users\psharma\Google Drive\PhDOtago\scripts\inputFiles\peps-master\pep-0376.txt","1"
"C:\Users\psharma\Google Drive\PhDOtago\scripts\inputFiles\peps-master\pep-0377.txt","1"
"C:\Users\psharma\Google Drive\PhDOtago\scripts\inputFiles\peps-master\pep-0378.txt","1"
"C:\Users\psharma\Google Drive\PhDOtago\scripts\inputFiles\peps-master\pep-0379.txt","1"
"C:\Users\psharma\Google Drive\PhDOtago\scripts\inputFiles\peps-master\pep-0380.txt","1"
"C:\Users\psharma\Google Drive\PhDOtago\scripts\inputFiles\peps-master\pep-0381.txt","1"
"C:\Users\psharma\Google Drive\PhDOtago\scripts\inputFiles\peps-master\pep-0382.txt","1"
"C:\Users\psharma\Google Drive\PhDOtago\scripts\inputFiles\peps-master\pep-0383.txt","1"
"C:\Users\psharma\Google Drive\PhDOtago\scripts\inputFiles\peps-master\pep-0384.txt","1"
"C:\Users\psharma\Google Drive\PhDOtago\scripts\inputFiles\peps-master\pep-0385.txt","1"
"C:\Users\psharma\Google Drive\PhDOtago\scripts\inputFiles\peps-master\pep-0386.txt","1"
"C:\Users\psharma\Google Drive\PhDOtago\scripts\inputFiles\peps-master\pep-0387.txt","1"
"C:\Users\psharma\Google Drive\PhDOtago\scripts\inputFiles\peps-master\pep-0389.txt","1"
"C:\Users\psharma\Google Drive\PhDOtago\scripts\inputFiles\peps-master\pep-0390.txt","1"
"C:\Users\psharma\Google Drive\PhDOtago\scripts\inputFiles\peps-master\pep-0391.txt","1"
"C:\Users\psharma\Google Drive\PhDOtago\scripts\inputFiles\peps-master\pep-0392.txt","1"
"C:\Users\psharma\Google Drive\PhDOtago\scripts\inputFiles\peps-master\pep-0393.txt","1"
"C:\Users\psharma\Google Drive\PhDOtago\scripts\inputFiles\peps-master\pep-0394.txt","1"
"C:\Users\psharma\Google Drive\PhDOtago\scripts\inputFiles\peps-master\pep-0395.txt","1"
"C:\Users\psharma\Google Drive\PhDOtago\scripts\inputFiles\peps-master\pep-0396.txt","1"
"C:\Users\psharma\Google Drive\PhDOtago\scripts\inputFiles\peps-master\pep-0397.txt","1"
"C:\Users\psharma\Google Drive\PhDOtago\scripts\inputFiles\peps-master\pep-0398.txt","1"
"C:\Users\psharma\Google Drive\PhDOtago\scripts\inputFiles\peps-master\pep-0399.txt","1"
"C:\Users\psharma\Google Drive\PhDOtago\scripts\inputFiles\peps-master\pep-0400.txt","1"
"C:\Users\psharma\Google Drive\PhDOtago\scripts\inputFiles\peps-master\pep-0401.txt","1"
"C:\Users\psharma\Google Drive\PhDOtago\scripts\inputFiles\peps-master\pep-0402.txt","1"
"C:\Users\psharma\Google Drive\PhDOtago\scripts\inputFiles\peps-master\pep-0403.txt","1"
"C:\Users\psharma\Google Drive\PhDOtago\scripts\inputFiles\peps-master\pep-0404.txt","1"
"C:\Users\psharma\Google Drive\PhDOtago\scripts\inputFiles\peps-master\pep-0405.txt","1"
"C:\Users\psharma\Google Drive\PhDOtago\scripts\inputFiles\peps-master\pep-0406.txt","1"
"C:\Users\psharma\Google Drive\PhDOtago\scripts\inputFiles\peps-master\pep-0407.txt","1"
"C:\Users\psharma\Google Drive\PhDOtago\scripts\inputFiles\peps-master\pep-0408.txt","1"
"C:\Users\psharma\Google Drive\PhDOtago\scripts\inputFiles\peps-master\pep-0409.txt","1"
"C:\Users\psharma\Google Drive\PhDOtago\scripts\inputFiles\peps-master\pep-0410.txt","1"
"C:\Users\psharma\Google Drive\PhDOtago\scripts\inputFiles\peps-master\pep-0411.txt","1"
"C:\Users\psharma\Google Drive\PhDOtago\scripts\inputFiles\peps-master\pep-0412.txt","1"
"C:\Users\psharma\Google Drive\PhDOtago\scripts\inputFiles\peps-master\pep-0413.txt","1"
"C:\Users\psharma\Google Drive\PhDOtago\scripts\inputFiles\peps-master\pep-0414.txt","1"
"C:\Users\psharma\Google Drive\PhDOtago\scripts\inputFiles\peps-master\pep-0415.txt","1"
"C:\Users\psharma\Google Drive\PhDOtago\scripts\inputFiles\peps-master\pep-0416.txt","1"
"C:\Users\psharma\Google Drive\PhDOtago\scripts\inputFiles\peps-master\pep-0417.txt","1"
"C:\Users\psharma\Google Drive\PhDOtago\scripts\inputFiles\peps-master\pep-0418.txt","1"
"C:\Users\psharma\Google Drive\PhDOtago\scripts\inputFiles\peps-master\pep-0419.txt","1"
"C:\Users\psharma\Google Drive\PhDOtago\scripts\inputFiles\peps-master\pep-0420.txt","1"
"C:\Users\psharma\Google Drive\PhDOtago\scripts\inputFiles\peps-master\pep-0421.txt","1"
"C:\Users\psharma\Google Drive\PhDOtago\scripts\inputFiles\peps-master\pep-0422.txt","1"
"C:\Users\psharma\Google Drive\PhDOtago\scripts\inputFiles\peps-master\pep-0423.txt","1"
"C:\Users\psharma\Google Drive\PhDOtago\scripts\inputFiles\peps-master\pep-0424.txt","1"
"C:\Users\psharma\Google Drive\PhDOtago\scripts\inputFiles\peps-master\pep-0425.txt","1"
"C:\Users\psharma\Google Drive\PhDOtago\scripts\inputFiles\peps-master\pep-0426.txt","1"
"C:\Users\psharma\Google Drive\PhDOtago\scripts\inputFiles\peps-master\pep-0427.txt","1"
"C:\Users\psharma\Google Drive\PhDOtago\scripts\inputFiles\peps-master\pep-0428.txt","1"
"C:\Users\psharma\Google Drive\PhDOtago\scripts\inputFiles\peps-master\pep-0429.txt","1"
"C:\Users\psharma\Google Drive\PhDOtago\scripts\inputFiles\peps-master\pep-0430.txt","1"
"C:\Users\psharma\Google Drive\PhDOtago\scripts\inputFiles\peps-master\pep-0431.txt","1"
"C:\Users\psharma\Google Drive\PhDOtago\scripts\inputFiles\peps-master\pep-0432.txt","1"
"C:\Users\psharma\Google Drive\PhDOtago\scripts\inputFiles\peps-master\pep-0433.txt","1"
"C:\Users\psharma\Google Drive\PhDOtago\scripts\inputFiles\peps-master\pep-0434.txt","1"
"C:\Users\psharma\Google Drive\PhDOtago\scripts\inputFiles\peps-master\pep-0435.txt","1"
"C:\Users\psharma\Google Drive\PhDOtago\scripts\inputFiles\peps-master\pep-0436.txt","1"
"C:\Users\psharma\Google Drive\PhDOtago\scripts\inputFiles\peps-master\pep-0437.txt","1"
"C:\Users\psharma\Google Drive\PhDOtago\scripts\inputFiles\peps-master\pep-0438.txt","1"
"C:\Users\psharma\Google Drive\PhDOtago\scripts\inputFiles\peps-master\pep-0439.txt","1"
"C:\Users\psharma\Google Drive\PhDOtago\scripts\inputFiles\peps-master\pep-0440.txt","1"
"C:\Users\psharma\Google Drive\PhDOtago\scripts\inputFiles\peps-master\pep-0441.txt","1"
"C:\Users\psharma\Google Drive\PhDOtago\scripts\inputFiles\peps-master\pep-0442.txt","1"
"C:\Users\psharma\Google Drive\PhDOtago\scripts\inputFiles\peps-master\pep-0443.txt","1"
"C:\Users\psharma\Google Drive\PhDOtago\scripts\inputFiles\peps-master\pep-0444.txt","1"
"C:\Users\psharma\Google Drive\PhDOtago\scripts\inputFiles\peps-master\pep-0445.txt","1"
"C:\Users\psharma\Google Drive\PhDOtago\scripts\inputFiles\peps-master\pep-0446.txt","1"
"C:\Users\psharma\Google Drive\PhDOtago\scripts\inputFiles\peps-master\pep-0447.txt","1"
"C:\Users\psharma\Google Drive\PhDOtago\scripts\inputFiles\peps-master\pep-0448.txt","1"
"C:\Users\psharma\Google Drive\PhDOtago\scripts\inputFiles\peps-master\pep-0449.txt","1"
"C:\Users\psharma\Google Drive\PhDOtago\scripts\inputFiles\peps-master\pep-0450.txt","1"
"C:\Users\psharma\Google Drive\PhDOtago\scripts\inputFiles\peps-master\pep-0451.txt","1"
"C:\Users\psharma\Google Drive\PhDOtago\scripts\inputFiles\peps-master\pep-0452.txt","1"
"C:\Users\psharma\Google Drive\PhDOtago\scripts\inputFiles\peps-master\pep-0453.txt","1"
"C:\Users\psharma\Google Drive\PhDOtago\scripts\inputFiles\peps-master\pep-0454.txt","1"
"C:\Users\psharma\Google Drive\PhDOtago\scripts\inputFiles\peps-master\pep-0455.txt","1"
"C:\Users\psharma\Google Drive\PhDOtago\scripts\inputFiles\peps-master\pep-0456.txt","1"
"C:\Users\psharma\Google Drive\PhDOtago\scripts\inputFiles\peps-master\pep-0457.txt","1"
"C:\Users\psharma\Google Drive\PhDOtago\scripts\inputFiles\peps-master\pep-0458.txt","1"
"C:\Users\psharma\Google Drive\PhDOtago\scripts\inputFiles\peps-master\pep-0459.txt","1"
"C:\Users\psharma\Google Drive\PhDOtago\scripts\inputFiles\peps-master\pep-0460.txt","1"
"C:\Users\psharma\Google Drive\PhDOtago\scripts\inputFiles\peps-master\pep-0461.txt","1"
"C:\Users\psharma\Google Drive\PhDOtago\scripts\inputFiles\peps-master\pep-0462.txt","1"
"C:\Users\psharma\Google Drive\PhDOtago\scripts\inputFiles\peps-master\pep-0463.txt","1"
"C:\Users\psharma\Google Drive\PhDOtago\scripts\inputFiles\peps-master\pep-0464.txt","1"
"C:\Users\psharma\Google Drive\PhDOtago\scripts\inputFiles\peps-master\pep-0465.txt","1"
"C:\Users\psharma\Google Drive\PhDOtago\scripts\inputFiles\peps-master\pep-0466.txt","1"
"C:\Users\psharma\Google Drive\PhDOtago\scripts\inputFiles\peps-master\pep-0467.txt","1"
"C:\Users\psharma\Google Drive\PhDOtago\scripts\inputFiles\peps-master\pep-0468.txt","1"
"C:\Users\psharma\Google Drive\PhDOtago\scripts\inputFiles\peps-master\pep-0469.txt","1"
"C:\Users\psharma\Google Drive\PhDOtago\scripts\inputFiles\peps-master\pep-0470.txt","1"
"C:\Users\psharma\Google Drive\PhDOtago\scripts\inputFiles\peps-master\pep-0471.txt","1"
"C:\Users\psharma\Google Drive\PhDOtago\scripts\inputFiles\peps-master\pep-0472.txt","1"
"C:\Users\psharma\Google Drive\PhDOtago\scripts\inputFiles\peps-master\pep-0473.txt","1"
"C:\Users\psharma\Google Drive\PhDOtago\scripts\inputFiles\peps-master\pep-0474.txt","1"
"C:\Users\psharma\Google Drive\PhDOtago\scripts\inputFiles\peps-master\pep-0475.txt","1"
"C:\Users\psharma\Google Drive\PhDOtago\scripts\inputFiles\peps-master\pep-0476.txt","1"
"C:\Users\psharma\Google Drive\PhDOtago\scripts\inputFiles\peps-master\pep-0477.txt","1"
"C:\Users\psharma\Google Drive\PhDOtago\scripts\inputFiles\peps-master\pep-0478.txt","1"
"C:\Users\psharma\Google Drive\PhDOtago\scripts\inputFiles\peps-master\pep-0479.txt","1"
"C:\Users\psharma\Google Drive\PhDOtago\scripts\inputFiles\peps-master\pep-0480.txt","1"
"C:\Users\psharma\Google Drive\PhDOtago\scripts\inputFiles\peps-master\pep-0481.txt","1"
"C:\Users\psharma\Google Drive\PhDOtago\scripts\inputFiles\peps-master\pep-0482.txt","1"
"C:\Users\psharma\Google Drive\PhDOtago\scripts\inputFiles\peps-master\pep-0483.txt","1"
"C:\Users\psharma\Google Drive\PhDOtago\scripts\inputFiles\peps-master\pep-0484.txt","1"
"C:\Users\psharma\Google Drive\PhDOtago\scripts\inputFiles\peps-master\pep-0485.txt","1"
"C:\Users\psharma\Google Drive\PhDOtago\scripts\inputFiles\peps-master\pep-0486.txt","1"
"C:\Users\psharma\Google Drive\PhDOtago\scripts\inputFiles\peps-master\pep-0488.txt","1"
"C:\Users\psharma\Google Drive\PhDOtago\scripts\inputFiles\peps-master\pep-0489.txt","1"
"C:\Users\psharma\Google Drive\PhDOtago\scripts\inputFiles\peps-master\pep-0490.txt","1"
"C:\Users\psharma\Google Drive\PhDOtago\scripts\inputFiles\peps-master\pep-0491.txt","1"
"C:\Users\psharma\Google Drive\PhDOtago\scripts\inputFiles\peps-master\pep-0492.txt","1"
"C:\Users\psharma\Google Drive\PhDOtago\scripts\inputFiles\peps-master\pep-0493.txt","1"
"C:\Users\psharma\Google Drive\PhDOtago\scripts\inputFiles\peps-master\pep-0494.txt","1"
"C:\Users\psharma\Google Drive\PhDOtago\scripts\inputFiles\peps-master\pep-0495.txt","1"
"C:\Users\psharma\Google Drive\PhDOtago\scripts\inputFiles\peps-master\pep-0496.txt","1"
"C:\Users\psharma\Google Drive\PhDOtago\scripts\inputFiles\peps-master\pep-0497.txt","1"
"C:\Users\psharma\Google Drive\PhDOtago\scripts\inputFiles\peps-master\pep-0498.txt","1"
"C:\Users\psharma\Google Drive\PhDOtago\scripts\inputFiles\peps-master\pep-0499.txt","1"
"C:\Users\psharma\Google Drive\PhDOtago\scripts\inputFiles\peps-master\pep-0500.txt","1"
"C:\Users\psharma\Google Drive\PhDOtago\scripts\inputFiles\peps-master\pep-0501.txt","1"
"C:\Users\psharma\Google Drive\PhDOtago\scripts\inputFiles\peps-master\pep-0502.txt","1"
"C:\Users\psharma\Google Drive\PhDOtago\scripts\inputFiles\peps-master\pep-0503.txt","1"
"C:\Users\psharma\Google Drive\PhDOtago\scripts\inputFiles\peps-master\pep-0504.txt","1"
"C:\Users\psharma\Google Drive\PhDOtago\scripts\inputFiles\peps-master\pep-0505.txt","1"
"C:\Users\psharma\Google Drive\PhDOtago\scripts\inputFiles\peps-master\pep-0506.txt","1"
"C:\Users\psharma\Google Drive\PhDOtago\scripts\inputFiles\peps-master\pep-0507.txt","1"
"C:\Users\psharma\Google Drive\PhDOtago\scripts\inputFiles\peps-master\pep-0508.txt","1"
"C:\Users\psharma\Google Drive\PhDOtago\scripts\inputFiles\peps-master\pep-0509.txt","1"
"C:\Users\psharma\Google Drive\PhDOtago\scripts\inputFiles\peps-master\pep-0510.txt","1"
"C:\Users\psharma\Google Drive\PhDOtago\scripts\inputFiles\peps-master\pep-0511.txt","1"
"C:\Users\psharma\Google Drive\PhDOtago\scripts\inputFiles\peps-master\pep-0512.txt","1"
"C:\Users\psharma\Google Drive\PhDOtago\scripts\inputFiles\peps-master\pep-0513.txt","1"
"C:\Users\psharma\Google Drive\PhDOtago\scripts\inputFiles\peps-master\pep-0514.txt","1"
"C:\Users\psharma\Google Drive\PhDOtago\scripts\inputFiles\peps-master\pep-0515.txt","1"
"C:\Users\psharma\Google Drive\PhDOtago\scripts\inputFiles\peps-master\pep-0516.txt","1"
"C:\Users\psharma\Google Drive\PhDOtago\scripts\inputFiles\peps-master\pep-0517.txt","1"
"C:\Users\psharma\Google Drive\PhDOtago\scripts\inputFiles\peps-master\pep-0518.txt","1"
"C:\Users\psharma\Google Drive\PhDOtago\scripts\inputFiles\peps-master\pep-0520.txt","1"
"C:\Users\psharma\Google Drive\PhDOtago\scripts\inputFiles\peps-master\pep-0521.txt","1"
"C:\Users\psharma\Google Drive\PhDOtago\scripts\inputFiles\peps-master\pep-0522.txt","1"
"C:\Users\psharma\Google Drive\PhDOtago\scripts\inputFiles\peps-master\pep-0523.txt","1"
"C:\Users\psharma\Google Drive\PhDOtago\scripts\inputFiles\peps-master\pep-0524.txt","1"
"C:\Users\psharma\Google Drive\PhDOtago\scripts\inputFiles\peps-master\pep-0525.txt","1"
"C:\Users\psharma\Google Drive\PhDOtago\scripts\inputFiles\peps-master\pep-0530.txt","1"
"C:\Users\psharma\Google Drive\PhDOtago\scripts\inputFiles\peps-master\pep-0628.txt","1"
"C:\Users\psharma\Google Drive\PhDOtago\scripts\inputFiles\peps-master\pep-0666.txt","1"
"C:\Users\psharma\Google Drive\PhDOtago\scripts\inputFiles\peps-master\pep-0754.txt","1"
"C:\Users\psharma\Google Drive\PhDOtago\scripts\inputFiles\peps-master\pep-3000.txt","1"
"C:\Users\psharma\Google Drive\PhDOtago\scripts\inputFiles\peps-master\pep-3001.txt","1"
"C:\Users\psharma\Google Drive\PhDOtago\scripts\inputFiles\peps-master\pep-3002.txt","1"
"C:\Users\psharma\Google Drive\PhDOtago\scripts\inputFiles\peps-master\pep-3003.txt","1"
"C:\Users\psharma\Google Drive\PhDOtago\scripts\inputFiles\peps-master\pep-3099.txt","1"
"C:\Users\psharma\Google Drive\PhDOtago\scripts\inputFiles\peps-master\pep-3100.txt","1"
"C:\Users\psharma\Google Drive\PhDOtago\scripts\inputFiles\peps-master\pep-3101.txt","1"
"C:\Users\psharma\Google Drive\PhDOtago\scripts\inputFiles\peps-master\pep-3102.txt","1"
"C:\Users\psharma\Google Drive\PhDOtago\scripts\inputFiles\peps-master\pep-3103.txt","1"
"C:\Users\psharma\Google Drive\PhDOtago\scripts\inputFiles\peps-master\pep-3104.txt","1"
"C:\Users\psharma\Google Drive\PhDOtago\scripts\inputFiles\peps-master\pep-3105.txt","1"
"C:\Users\psharma\Google Drive\PhDOtago\scripts\inputFiles\peps-master\pep-3106.txt","1"
"C:\Users\psharma\Google Drive\PhDOtago\scripts\inputFiles\peps-master\pep-3107.txt","1"
"C:\Users\psharma\Google Drive\PhDOtago\scripts\inputFiles\peps-master\pep-3108.txt","1"
"C:\Users\psharma\Google Drive\PhDOtago\scripts\inputFiles\peps-master\pep-3109.txt","1"
"C:\Users\psharma\Google Drive\PhDOtago\scripts\inputFiles\peps-master\pep-3110.txt","1"
"C:\Users\psharma\Google Drive\PhDOtago\scripts\inputFiles\peps-master\pep-3111.txt","1"
"C:\Users\psharma\Google Drive\PhDOtago\scripts\inputFiles\peps-master\pep-3112.txt","1"
"C:\Users\psharma\Google Drive\PhDOtago\scripts\inputFiles\peps-master\pep-3113.txt","1"
"C:\Users\psharma\Google Drive\PhDOtago\scripts\inputFiles\peps-master\pep-3114.txt","1"
"C:\Users\psharma\Google Drive\PhDOtago\scripts\inputFiles\peps-master\pep-3115.txt","1"
"C:\Users\psharma\Google Drive\PhDOtago\scripts\inputFiles\peps-master\pep-3116.txt","1"
"C:\Users\psharma\Google Drive\PhDOtago\scripts\inputFiles\peps-master\pep-3117.txt","1"
"C:\Users\psharma\Google Drive\PhDOtago\scripts\inputFiles\peps-master\pep-3118.txt","1"
"C:\Users\psharma\Google Drive\PhDOtago\scripts\inputFiles\peps-master\pep-3119.txt","1"
"C:\Users\psharma\Google Drive\PhDOtago\scripts\inputFiles\peps-master\pep-3120.txt","1"
"C:\Users\psharma\Google Drive\PhDOtago\scripts\inputFiles\peps-master\pep-3121.txt","1"
"C:\Users\psharma\Google Drive\PhDOtago\scripts\inputFiles\peps-master\pep-3122.txt","1"
"C:\Users\psharma\Google Drive\PhDOtago\scripts\inputFiles\peps-master\pep-3123.txt","1"
"C:\Users\psharma\Google Drive\PhDOtago\scripts\inputFiles\peps-master\pep-3124.txt","1"
"C:\Users\psharma\Google Drive\PhDOtago\scripts\inputFiles\peps-master\pep-3125.txt","1"
"C:\Users\psharma\Google Drive\PhDOtago\scripts\inputFiles\peps-master\pep-3126.txt","1"
"C:\Users\psharma\Google Drive\PhDOtago\scripts\inputFiles\peps-master\pep-3127.txt","1"
"C:\Users\psharma\Google Drive\PhDOtago\scripts\inputFiles\peps-master\pep-3128.txt","1"
"C:\Users\psharma\Google Drive\PhDOtago\scripts\inputFiles\peps-master\pep-3129.txt","1"
"C:\Users\psharma\Google Drive\PhDOtago\scripts\inputFiles\peps-master\pep-3130.txt","1"
"C:\Users\psharma\Google Drive\PhDOtago\scripts\inputFiles\peps-master\pep-3131.txt","1"
"C:\Users\psharma\Google Drive\PhDOtago\scripts\inputFiles\peps-master\pep-3132.txt","1"
"C:\Users\psharma\Google Drive\PhDOtago\scripts\inputFiles\peps-master\pep-3133.txt","1"
"C:\Users\psharma\Google Drive\PhDOtago\scripts\inputFiles\peps-master\pep-3134.txt","1"
"C:\Users\psharma\Google Drive\PhDOtago\scripts\inputFiles\peps-master\pep-3135.txt","1"
"C:\Users\psharma\Google Drive\PhDOtago\scripts\inputFiles\peps-master\pep-3136.txt","1"
"C:\Users\psharma\Google Drive\PhDOtago\scripts\inputFiles\peps-master\pep-3137.txt","1"
"C:\Users\psharma\Google Drive\PhDOtago\scripts\inputFiles\peps-master\pep-3138.txt","1"
"C:\Users\psharma\Google Drive\PhDOtago\scripts\inputFiles\peps-master\pep-3139.txt","1"
"C:\Users\psharma\Google Drive\PhDOtago\scripts\inputFiles\peps-master\pep-3140.txt","1"
"C:\Users\psharma\Google Drive\PhDOtago\scripts\inputFiles\peps-master\pep-3141.txt","1"
"C:\Users\psharma\Google Drive\PhDOtago\scripts\inputFiles\peps-master\pep-3142.txt","1"
"C:\Users\psharma\Google Drive\PhDOtago\scripts\inputFiles\peps-master\pep-3143.txt","1"
"C:\Users\psharma\Google Drive\PhDOtago\scripts\inputFiles\peps-master\pep-3144.txt","1"
"C:\Users\psharma\Google Drive\PhDOtago\scripts\inputFiles\peps-master\pep-3145.txt","1"
"C:\Users\psharma\Google Drive\PhDOtago\scripts\inputFiles\peps-master\pep-3146.txt","1"
"C:\Users\psharma\Google Drive\PhDOtago\scripts\inputFiles\peps-master\pep-3147.txt","1"
"C:\Users\psharma\Google Drive\PhDOtago\scripts\inputFiles\peps-master\pep-3148.txt","1"
"C:\Users\psharma\Google Drive\PhDOtago\scripts\inputFiles\peps-master\pep-3149.txt","1"
"C:\Users\psharma\Google Drive\PhDOtago\scripts\inputFiles\peps-master\pep-3150.txt","1"
"C:\Users\psharma\Google Drive\PhDOtago\scripts\inputFiles\peps-master\pep-3151.txt","1"
"C:\Users\psharma\Google Drive\PhDOtago\scripts\inputFiles\peps-master\pep-3152.txt","1"
"C:\Users\psharma\Google Drive\PhDOtago\scripts\inputFiles\peps-master\pep-3153.txt","1"
"C:\Users\psharma\Google Drive\PhDOtago\scripts\inputFiles\peps-master\pep-3154.txt","1"
"C:\Users\psharma\Google Drive\PhDOtago\scripts\inputFiles\peps-master\pep-3155.txt","1"
"https://github.com/python/peps/blob/master/pep-0001.txt","2"
